
[

    {
        "title":"Top 6 free website mockup tools 2021",
        "link":"blog/top-6-free-website-mockup-tools-2021",
        "date":"27 Aug 2021"
    },
    {
        "title":"What is Javascript? The dynamic programming language for website,explained",
        "link":"/blog/what-is-javascript-the-dynamic-programming-language-for-website",
        "date":"25 Aug 2021"
    },
    {
        "title":"Best laptop for programming in 2021",
        "link":"/blog/best-laptop-for-programming-in-2021",
        "date":"22 Aug 2021"
    },
    {
        "title":"What is Amazon Web Services",
        "link":"/blog/what-is-amazon-web-services",
        "date":"21 Aug 2021"
    },
    {
        "title":"MDBootstrap: 70% of web developers support social benefits to ease AI transformation",
        "link":"/blog/bootstrap",
        "date":"20 Aug 2021"
    }
    
]