[{
    "education":[
        {
            "name":"Manakula Vinayagar Institute of Technology",
            "course":"B.Tech in Electronics and Communication Engg.",
            "duration":"2016-2020"
        },
        {
            "name":"New Modern Vidhya Mandir Hr.Sec School",
            "course":"HSC in Computer Science",
            "duration":"2014-2016"
        },
        {
            "name":"New Modern Vidhya Mandir Hr.Sec School",
            "course":"SSC",
            "duration":"2013-2014"
        }
    ]
},
{
    "techCourses":[
        {
            "name":"Fullstack Web Development",
            "course":"Fullstack web development",
            "duration":"April 2021 - August 2021"
        }
    ]
}]