[
    {
        "image":"https://assets.website-files.com/5fef5619b640934b33c2385e/604773c422dbe6174ff754e5_jake-nackos-IF9TK5Uy-KI-unsplash%252012-min-p-500.png",
        "description":"This is unbelievable. After using Testiminial Generator my buisness skyrocketed!",
        "name":"Jennifer Musk",
        "work":"Project Manager@ Microsoft"
    },
    {
        "image":"https://assets.website-files.com/5fef5619b640934b33c2385e/604788d804dfe4ec1de7bb97_image-1-compressed-p-500.jpeg",
        "description":"Jade helped us build a software so intuitive that it didn't need a walkthrough. He solved complex problems with brilliant design.",
        "name":"John Frankin",
        "work":"Founder, Double Bunch"
    }
]