[
    {
        "image":"https://assets.website-files.com/5ff05a7bd62f16808f485280/6077dc9bcd0f7a437038f60d_image_processing20200129-19798-1k8ponz%201-min-p-500.png",
        "name":"FULLSTACK",
        "title":"Amazon Clone",
        "link":"https://prakash-amazon.netlify.app/"
    },
    {
        "image":"https://assets.website-files.com/5ff05a7bd62f16808f485280/6077dcc78ec31466630c033f_image_processing20200129-19798-1k8ponz%202-min-p-500.png",
        "name":"FULLSTACK",
        "title":"Url Shortner",
        "link":"https://minifyurl.netlify.app/"
    },
    {
        "image":"https://assets.website-files.com/5ff05a7bd62f16808f485280/6077dcd635f7f176db9fef1e_image_processing20200129-19798-1k8ponz%203-min-p-500.png",
        "name":"FRONT-END",
        "title":"LinkedIn-clone",
        "link":"https://linkedin-sparkz.web.app/"
    },
    {
        "image":"https://assets.website-files.com/5ff05a7bd62f16808f485280/6077dce7ec07854a8c820c4e_image_processing20200129-19798-1k8ponz%204-min-p-500.png",
        "name":"FRONT-END",
        "title":"Recipe Tips App",
        "link":"https://recipe-tips.netlify.app/"
    },
    {
        "image":"https://assets.website-files.com/5ff05a7bd62f16808f485280/6077dcf54baced26f174226f_image_processing20200129-19798-1k8ponz%2014-min-p-500.png",
        "name":"BACK-END",
        "title":"Weather App",
        "link":"https://weather-app-ejs.herokuapp.com/"
    }
]